K,C,X,Y,R,S,PE,ref_EDP
32,3,224,224,3,3,13,48266.426
32,3,224,224,3,3,96,7174.7390000000005
32,3,224,224,3,3,107,7174.552
32,3,224,224,3,3,181,7174.552
32,3,224,224,3,3,248,7174.552
32,3,224,224,3,3,252,7174.552
32,3,224,224,3,3,342,7174.552
32,3,224,224,3,3,397,7174.552
32,3,224,224,3,3,433,7174.552
32,3,224,224,3,3,480,7174.552
1,32,112,112,3,3,27,34412.600000000006
1,32,112,112,3,3,95,18926.93
1,32,112,112,3,3,125,18926.93
1,32,112,112,3,3,159,18926.93
1,32,112,112,3,3,202,18926.93
1,32,112,112,3,3,274,18926.93
1,32,112,112,3,3,312,18926.93
1,32,112,112,3,3,396,18926.93
1,32,112,112,3,3,435,18926.93
1,32,112,112,3,3,491,18926.93
8,32,1,1,1,1,25,32.4961
8,32,1,1,1,1,55,19.92904
8,32,1,1,1,1,114,12.47705
8,32,1,1,1,1,178,9.96452
8,32,1,1,1,1,217,9.96452
8,32,1,1,1,1,276,7.499099999999999
8,32,1,1,1,1,313,7.486230000000001
8,32,1,1,1,1,389,7.486230000000001
8,32,1,1,1,1,428,7.486230000000001
8,32,1,1,1,1,464,7.486230000000001
32,8,1,1,1,1,46,19.17576
32,8,1,1,1,1,85,14.35614
32,8,1,1,1,1,132,9.57076
32,8,1,1,1,1,179,9.57076
32,8,1,1,1,1,208,9.57076
32,8,1,1,1,1,261,7.190910000000001
32,8,1,1,1,1,327,7.17807
32,8,1,1,1,1,391,7.17807
32,8,1,1,1,1,445,7.17807
32,8,1,1,1,1,451,7.17807
16,32,112,112,1,1,12,2342374807.5
16,32,112,112,1,1,92,308214679.5
16,32,112,112,1,1,138,211354211.25
16,32,112,112,1,1,196,140902807.5
16,32,112,112,1,1,212,138731433.75
16,32,112,112,1,1,272,105700754.25
16,32,112,112,1,1,333,88084678.5
16,32,112,112,1,1,353,83668835.25
16,32,112,112,1,1,422,69389365.5
16,32,112,112,1,1,484,60880008.28000001
96,16,112,112,1,1,25,5188431805.52
96,16,112,112,1,1,95,1444339396.5
96,16,112,112,1,1,118,1183473479.8200002
96,16,112,112,1,1,170,741216238.2
96,16,112,112,1,1,223,641826711.14
96,16,112,112,1,1,258,518262106.84
96,16,112,112,1,1,348,370610273.36
96,16,112,112,1,1,385,345512661.71999997
96,16,112,112,1,1,432,320916798.44
96,16,112,112,1,1,479,294130142.52000004
4,96,1,1,1,1,47,49.514520000000005
4,96,1,1,1,1,96,24.757260000000002
4,96,1,1,1,1,108,24.757260000000002
4,96,1,1,1,1,191,20.60965
4,96,1,1,1,1,231,16.50484
4,96,1,1,1,1,290,16.4706
4,96,1,1,1,1,316,16.48772
4,96,1,1,1,1,385,12.378630000000001
4,96,1,1,1,1,404,12.378630000000001
4,96,1,1,1,1,480,12.378630000000001
96,4,1,1,1,1,43,44.78904
96,4,1,1,1,1,54,36.8106
96,4,1,1,1,1,107,22.36884
96,4,1,1,1,1,166,18.6621
96,4,1,1,1,1,244,14.91256
96,4,1,1,1,1,299,14.91256
96,4,1,1,1,1,345,14.91256
96,4,1,1,1,1,392,11.18442
96,4,1,1,1,1,422,11.18442
96,4,1,1,1,1,451,11.18442
24,96,56,56,1,1,30,732349646.1999999
24,96,56,56,1,1,72,292952118.7
24,96,56,56,1,1,121,183091790.2
24,96,56,56,1,1,162,141246491.7
24,96,56,56,1,1,211,107806062.07000001
24,96,56,56,1,1,254,86472339.19000001
24,96,56,56,1,1,341,62778164.6
24,96,56,56,1,1,376,62415676.56
24,96,56,56,1,1,449,47085083.0
24,96,56,56,1,1,474,46784234.32
144,24,56,56,1,1,36,740759095.0999999
144,24,56,56,1,1,100,288305365.57
144,24,56,56,1,1,109,246923525.85
144,24,56,56,1,1,168,158826888.75
144,24,56,56,1,1,205,140157746.46
144,24,56,56,1,1,271,108120051.56
144,24,56,56,1,1,345,83946109.05
144,24,56,56,1,1,353,81765202.46
144,24,56,56,1,1,437,65075684.34
144,24,56,56,1,1,499,62965435.77
1,144,56,56,3,3,41,73873.14
1,144,56,56,3,3,83,38880.6
1,144,56,56,3,3,129,38880.6
1,144,56,56,3,3,177,21384.329999999998
1,144,56,56,3,3,203,21384.329999999998
1,144,56,56,3,3,281,21384.329999999998
1,144,56,56,3,3,350,21384.329999999998
1,144,56,56,3,3,397,21384.329999999998
1,144,56,56,3,3,407,21384.329999999998
1,144,56,56,3,3,471,21384.329999999998
6,144,1,1,1,1,40,225.02401999999998
6,144,1,1,1,1,76,121.16677999999999
6,144,1,1,1,1,140,86.50489999999999
6,144,1,1,1,1,162,69.23816
6,144,1,1,1,1,218,51.928619999999995
6,144,1,1,1,1,265,51.928619999999995
6,144,1,1,1,1,321,43.273849999999996
6,144,1,1,1,1,385,43.273849999999996
6,144,1,1,1,1,401,43.273849999999996
6,144,1,1,1,1,485,34.61908
144,6,1,1,1,1,33,241.92270000000002
144,6,1,1,1,1,82,111.81856
144,6,1,1,1,1,142,72.57681
144,6,1,1,1,1,161,63.9648
144,6,1,1,1,1,236,56.44863
144,6,1,1,1,1,278,48.38454
144,6,1,1,1,1,327,40.29899999999999
144,6,1,1,1,1,352,40.29899999999999
144,6,1,1,1,1,414,40.29899999999999
144,6,1,1,1,1,469,32.2392
24,144,56,56,1,1,46,1058116614.31
24,144,56,56,1,1,74,634870812.0999999
24,144,56,56,1,1,114,405241106.49
24,144,56,56,1,1,172,272092310.97999996
24,144,56,56,1,1,216,211629227.45999998
24,144,56,56,1,1,270,181410338.41
24,144,56,56,1,1,345,135105493.04999998
24,144,56,56,1,1,357,135105493.04999998
24,144,56,56,1,1,406,116615810.49999999
24,144,56,56,1,1,488,101338541.37
1,144,56,56,5,5,14,543972.6
1,144,56,56,5,5,56,151212.6
1,144,56,56,5,5,101,102117.59999999999
1,144,56,56,5,5,158,53022.6
1,144,56,56,5,5,221,53022.6
1,144,56,56,5,5,284,53022.6
1,144,56,56,5,5,341,53022.6
1,144,56,56,5,5,375,53022.6
1,144,56,56,5,5,409,53022.6
1,144,56,56,5,5,489,53022.6
40,144,28,28,1,1,22,247298300.0
40,144,28,28,1,1,75,72130300.0
40,144,28,28,1,1,104,52298863.65
40,144,28,28,1,1,190,28853500.0
40,144,28,28,1,1,202,26498300.0
40,144,28,28,1,1,265,20342499.15
40,144,28,28,1,1,336,15426809.94
40,144,28,28,1,1,382,14386892.080000002
40,144,28,28,1,1,448,11594300.0
40,144,28,28,1,1,478,11457035.149999999
240,40,28,28,1,1,10,870069204.84
240,40,28,28,1,1,57,155371400.04
240,40,28,28,1,1,140,62149947.24
240,40,28,28,1,1,182,47250552.426
240,40,28,28,1,1,227,38844584.04
240,40,28,28,1,1,289,31032391.049999997
240,40,28,28,1,1,338,25898316.06
240,40,28,28,1,1,381,23311143.3
240,40,28,28,1,1,403,21753984.36
240,40,28,28,1,1,463,19426916.1
1,240,28,28,5,5,16,323018.501
1,240,28,28,5,5,51,108815.251
1,240,28,28,5,5,136,44554.276
1,240,28,28,5,5,157,44554.276
1,240,28,28,5,5,202,44554.276
1,240,28,28,5,5,283,23133.951
1,240,28,28,5,5,349,23133.951
1,240,28,28,5,5,367,23133.951
1,240,28,28,5,5,418,23133.951
1,240,28,28,5,5,460,23133.951
10,240,1,1,1,1,43,1403.8536000000001
10,240,1,1,1,1,76,769.8552000000001
10,240,1,1,1,1,138,498.047
10,240,1,1,1,1,196,339.642
10,240,1,1,1,1,229,294.3564
10,240,1,1,1,1,265,271.66200000000003
10,240,1,1,1,1,312,271.66200000000003
10,240,1,1,1,1,361,203.7852
10,240,1,1,1,1,434,181.1424
10,240,1,1,1,1,451,203.7852
240,10,1,1,1,1,47,1334.8538
240,10,1,1,1,1,82,693.0656
240,10,1,1,1,1,120,476.4826
240,10,1,1,1,1,199,324.8745
240,10,1,1,1,1,250,259.848
240,10,1,1,1,1,295,258.35880000000003
240,10,1,1,1,1,350,232.5917
240,10,1,1,1,1,366,238.2413
240,10,1,1,1,1,403,194.9247
240,10,1,1,1,1,487,151.578
40,240,28,28,1,1,21,654861382.34
40,240,28,28,1,1,78,183363818.18
40,240,28,28,1,1,142,98232313.54
40,240,28,28,1,1,166,85953731.14
40,240,28,28,1,1,245,57224584.56
40,240,28,28,1,1,280,49117983.940000005
40,240,28,28,1,1,322,42978692.74
40,240,28,28,1,1,399,35085318.34
40,240,28,28,1,1,435,32746540.740000002
40,240,28,28,1,1,455,30701937.51
1,240,28,28,3,3,38,53552.785
1,240,28,28,3,3,67,31307.782
1,240,28,28,3,3,138,16477.78
1,240,28,28,3,3,166,16477.78
1,240,28,28,3,3,245,9062.779
1,240,28,28,3,3,295,9062.779
1,240,28,28,3,3,324,9062.779
1,240,28,28,3,3,387,9062.779
1,240,28,28,3,3,434,9062.779
1,240,28,28,3,3,482,9062.779
80,240,14,14,1,1,37,62719167.01499999
80,240,14,14,1,1,71,34094193.778
80,240,14,14,1,1,110,22729885.298
80,240,14,14,1,1,159,15629729.173999999
80,240,14,14,1,1,216,11365576.818
80,240,14,14,1,1,276,9159852.06
80,240,14,14,1,1,302,8473837.74
80,240,14,14,1,1,394,6394960.1959999995
80,240,14,14,1,1,425,5959635.300000001
80,240,14,14,1,1,484,4970501.25
480,80,14,14,1,1,18,366482468.57600003
480,80,14,14,1,1,81,81273649.034
480,80,14,14,1,1,130,50234419.088
480,80,14,14,1,1,191,34888588.644
480,80,14,14,1,1,207,32577796.832000002
480,80,14,14,1,1,269,25219788.832000002
480,80,14,14,1,1,323,20361772.256
480,80,14,14,1,1,391,16969297.744
480,80,14,14,1,1,415,16289764.064000001
480,80,14,14,1,1,486,13561934.738
1,480,14,14,3,3,48,40451.48
1,480,14,14,3,3,80,24622.64
1,480,14,14,3,3,111,20665.43
1,480,14,14,3,3,180,12751.01
1,480,14,14,3,3,209,12751.01
1,480,14,14,3,3,276,8793.8
1,480,14,14,3,3,335,8793.8
1,480,14,14,3,3,376,8793.8
1,480,14,14,3,3,447,8793.8
1,480,14,14,3,3,496,4836.59
20,480,1,1,1,1,35,24012.666999999998
20,480,1,1,1,1,78,11228.945
20,480,1,1,1,1,111,8135.483800000001
20,480,1,1,1,1,156,5700.848999999999
20,480,1,1,1,1,227,4063.7187000000004
20,480,1,1,1,1,280,3195.9305
20,480,1,1,1,1,349,2764.048
20,480,1,1,1,1,356,2677.6715
20,480,1,1,1,1,401,2245.7889999999998
20,480,1,1,1,1,490,1900.283
480,20,1,1,1,1,14,58409.99
480,20,1,1,1,1,83,10297.715
480,20,1,1,1,1,148,5655.3025
480,20,1,1,1,1,192,4582.491300000001
480,20,1,1,1,1,240,3545.115
480,20,1,1,1,1,253,3540.8016
480,20,1,1,1,1,336,2701.04
480,20,1,1,1,1,383,2363.41
480,20,1,1,1,1,448,2191.9248
480,20,1,1,1,1,500,1856.8704
80,480,14,14,1,1,30,301364476.04
80,480,14,14,1,1,56,161446370.44
80,480,14,14,1,1,110,82878173.9
80,480,14,14,1,1,188,50860856.02
80,480,14,14,1,1,229,40364595.660000004
80,480,14,14,1,1,257,35319471.660000004
80,480,14,14,1,1,301,30139811.02
80,480,14,14,1,1,375,26372785.1
80,480,14,14,1,1,425,22323964.52
80,480,14,14,1,1,481,18831254.15
1,480,14,14,5,5,36,177931.072
1,480,14,14,5,5,78,89471.022
1,480,14,14,5,5,101,64196.722
1,480,14,14,5,5,152,51559.572
1,480,14,14,5,5,223,38922.422
1,480,14,14,5,5,287,26285.272
1,480,14,14,5,5,306,26285.272
1,480,14,14,5,5,365,26285.272
1,480,14,14,5,5,419,26285.272
1,480,14,14,5,5,475,26285.272
112,480,14,14,1,1,35,409306414.47999996
112,480,14,14,1,1,91,157772859.32
112,480,14,14,1,1,102,146182610.32
112,480,14,14,1,1,166,89537902.47999999
112,480,14,14,1,1,206,73094024.28
112,480,14,14,1,1,276,52231576.08
112,480,14,14,1,1,307,47967995.92
112,480,14,14,1,1,400,36547691.92
112,480,14,14,1,1,421,34111360.4
112,480,14,14,1,1,477,31444744.21
28,672,1,1,1,1,41,79801.622
28,672,1,1,1,1,55,58766.048
28,672,1,1,1,1,130,26898.108999999997
28,672,1,1,1,1,180,18868.28
28,672,1,1,1,1,221,16194.053000000002
28,672,1,1,1,1,281,12020.328000000001
28,672,1,1,1,1,334,10684.48
28,672,1,1,1,1,380,9182.195000000002
28,672,1,1,1,1,424,8347.45
28,672,1,1,1,1,463,7345.756
672,28,1,1,1,1,23,138249.66400000002
672,28,1,1,1,1,59,55253.935
672,28,1,1,1,1,128,24464.608
672,28,1,1,1,1,198,16539.831
672,28,1,1,1,1,206,16090.816
672,28,1,1,1,1,279,12478.592
672,28,1,1,1,1,321,10827.630000000001
672,28,1,1,1,1,390,9358.944
672,28,1,1,1,1,403,8209.6
672,28,1,1,1,1,467,7224.448
192,672,7,7,1,1,47,201335934.96
192,672,7,7,1,1,70,130389991.92
192,672,7,7,1,1,144,62639812.080000006
192,672,7,7,1,1,196,46030403.52
192,672,7,7,1,1,209,44744964.84
192,672,7,7,1,1,288,31321332.720000003
192,672,7,7,1,1,302,31321332.720000003
192,672,7,7,1,1,361,25457677.92
192,672,7,7,1,1,412,23012348.400000002
192,672,7,7,1,1,452,20136161.52
1152,192,7,7,1,1,41,604496467.0799999
1152,192,7,7,1,1,90,270983619.71999997
1152,192,7,7,1,1,128,187605407.88
1152,192,7,7,1,1,191,128142598.32
1152,192,7,7,1,1,242,101322518.22
1152,192,7,7,1,1,275,89338229.64
1152,192,7,7,1,1,321,77427056.52
1152,192,7,7,1,1,361,67775815.8
1152,192,7,7,1,1,401,61337224.08
1152,192,7,7,1,1,475,52129107.36
1,1152,7,7,5,5,49,293913.256
1,1152,7,7,5,5,76,196267.65600000002
1,1152,7,7,5,5,137,110827.75600000001
1,1152,7,7,5,5,196,74210.656
1,1152,7,7,5,5,210,74210.656
1,1152,7,7,5,5,264,62004.956
1,1152,7,7,5,5,310,49799.256
1,1152,7,7,5,5,366,49799.256
1,1152,7,7,5,5,401,37593.556000000004
1,1152,7,7,5,5,473,37593.556000000004
48,1152,1,1,1,1,24,1114798.804
48,1152,1,1,1,1,53,511956.606
48,1152,1,1,1,1,103,263954.96400000004
48,1152,1,1,1,1,194,140195.86000000002
48,1152,1,1,1,1,227,124725.97200000001
48,1152,1,1,1,1,253,112639.19
48,1152,1,1,1,1,330,85301.39199999999
48,1152,1,1,1,1,372,75899.138
48,1152,1,1,1,1,436,63356.84
48,1152,1,1,1,1,472,58978.948000000004
1152,48,1,1,1,1,35,759232.474
1152,48,1,1,1,1,58,460518.058
1152,48,1,1,1,1,103,275744.697
1152,48,1,1,1,1,196,138825.61000000002
1152,48,1,1,1,1,228,119677.25
1152,48,1,1,1,1,266,104358.562
1152,48,1,1,1,1,310,91362.777
1152,48,1,1,1,1,379,77550.85800000001
1152,48,1,1,1,1,438,62232.17
1152,48,1,1,1,1,478,62048.517
192,1152,7,7,1,1,17,1546246889.62
192,1152,7,7,1,1,67,404774673.61
192,1152,7,7,1,1,145,181915664.01999998
192,1152,7,7,1,1,189,139686364.17999998
192,1152,7,7,1,1,210,125143455.68999998
192,1152,7,7,1,1,280,94211073.63
192,1152,7,7,1,1,311,89244552.54
192,1152,7,7,1,1,369,73906108.66
192,1152,7,7,1,1,447,60641777.3
192,1152,7,7,1,1,499,55235015.41
1,1152,7,7,3,3,43,80945.06
1,1152,7,7,3,3,54,66077.59999999999
1,1152,7,7,3,3,118,30395.695999999996
1,1152,7,7,3,3,156,24448.712
1,1152,7,7,3,3,212,18501.728
1,1152,7,7,3,3,283,15528.235999999999
1,1152,7,7,3,3,312,12554.743999999999
1,1152,7,7,3,3,396,9581.251999999999
1,1152,7,7,3,3,433,9581.251999999999
1,1152,7,7,3,3,499,9581.251999999999
320,1152,7,7,1,1,13,5171971994.639999
320,1152,7,7,1,1,54,1243603390.48
320,1152,7,7,1,1,119,564523610.64
320,1152,7,7,1,1,161,418413535.76
320,1152,7,7,1,1,206,339984624.32
320,1152,7,7,1,1,265,255722280.0
320,1152,7,7,1,1,334,203402983.96
320,1152,7,7,1,1,363,185965689.35999998
320,1152,7,7,1,1,405,167816819.72
320,1152,7,7,1,1,474,145287316.24
1280,320,7,7,1,1,44,1792882028.6200001
1280,320,7,7,1,1,88,896444923.4200001
1280,320,7,7,1,1,136,582308843.82
1280,320,7,7,1,1,182,437828138.22
1280,320,7,7,1,1,204,389491993.07
1280,320,7,7,1,1,259,306482042.22
1280,320,7,7,1,1,314,257446166.38
1280,320,7,7,1,1,397,199262973.14000002
1280,320,7,7,1,1,441,183892352.62
1280,320,7,7,1,1,464,171684202.09
1000,1280,1,1,1,1,16,877845945.5999999
1000,1280,1,1,1,1,65,216603075.20000002
1000,1280,1,1,1,1,106,133514467.3
1000,1280,1,1,1,1,176,80824387.3
1000,1280,1,1,1,1,216,65858745.599999994
1000,1280,1,1,1,1,256,54885945.599999994
1000,1280,1,1,1,1,339,42157497.599999994
1000,1280,1,1,1,1,363,39427318.4
1000,1280,1,1,1,1,420,33741360.0
1000,1280,1,1,1,1,481,30043526.4
64,32,112,112,1,1,11,16594509514.0
64,32,112,112,1,1,74,2568209548.56
64,32,112,112,1,1,134,1176200945.07
64,32,112,112,1,1,153,1185334904.08
64,32,112,112,1,1,240,784556964.9
64,32,112,112,1,1,294,642145403.76
64,32,112,112,1,1,304,592688122.4
64,32,112,112,1,1,377,493925142.32
64,32,112,112,1,1,404,451571574.68
64,32,112,112,1,1,489,392062424.07
64,64,112,112,3,3,21,7036818.75
64,64,112,112,3,3,66,2169205.1
64,64,112,112,3,3,107,1375190.0999999999
64,64,112,112,3,3,183,860181.25
64,64,112,112,3,3,234,716817.27
64,64,112,112,3,3,290,547930.7
64,64,112,112,3,3,331,493361.72
64,64,112,112,3,3,356,420332.63999999996
64,64,112,112,3,3,404,431716.89999999997
64,64,112,112,3,3,493,360285.12
8,64,1,1,1,1,24,119.1636
8,64,1,1,1,1,54,59.5818
8,64,1,1,1,1,113,34.75605
8,64,1,1,1,1,187,24.825750000000003
8,64,1,1,1,1,235,24.825750000000003
8,64,1,1,1,1,269,19.8606
8,64,1,1,1,1,343,19.84348
8,64,1,1,1,1,378,19.84348
8,64,1,1,1,1,434,19.82636
8,64,1,1,1,1,467,19.82636
64,8,1,1,1,1,17,160.6653
64,8,1,1,1,1,51,61.43085000000001
64,8,1,1,1,1,125,33.07815
64,8,1,1,1,1,167,28.327019999999997
64,8,1,1,1,1,233,23.60585
64,8,1,1,1,1,296,18.88468
64,8,1,1,1,1,310,18.88468
64,8,1,1,1,1,360,18.88468
64,8,1,1,1,1,443,18.88468
64,8,1,1,1,1,455,18.88468
64,64,56,56,1,1,26,1213849817.85
64,64,56,56,1,1,61,595887976.26
64,64,56,56,1,1,143,243430536.36
64,64,56,56,1,1,187,196615866.48000002
64,64,56,56,1,1,243,147476267.4
64,64,56,56,1,1,278,128409235.68
64,64,56,56,1,1,332,105958121.06
64,64,56,56,1,1,370,96725642.36
64,64,56,56,1,1,442,84647069.56
64,64,56,56,1,1,457,74522310.5
128,64,56,56,1,1,32,2815017091.56
128,64,56,56,1,1,59,1601867390.24
128,64,56,56,1,1,142,653533572.44
128,64,56,56,1,1,154,603230471.12
128,64,56,56,1,1,217,439852337.64
128,64,56,56,1,1,270,300555185.0
128,64,56,56,1,1,329,300585536.72
128,64,56,56,1,1,396,229807260.38
128,64,56,56,1,1,401,229803753.96
128,64,56,56,1,1,497,189097724.18
128,128,56,56,3,3,45,10314003.700000001
128,128,56,56,3,3,81,5668211.16
128,128,56,56,3,3,121,3904288.85
128,128,56,56,3,3,199,2432644.6
128,128,56,56,3,3,237,2099785.6
128,128,56,56,3,3,275,1723960.1400000001
128,128,56,56,3,3,346,1311306.1700000002
128,128,56,56,3,3,375,1300435.4000000001
128,128,56,56,3,3,432,1094859.72
128,128,56,56,3,3,499,1023800.12
16,128,1,1,1,1,32,1233.9624000000001
16,128,1,1,1,1,96,448.71360000000004
16,128,1,1,1,1,102,486.1064
16,128,1,1,1,1,197,261.7496
16,128,1,1,1,1,244,205.6604
16,128,1,1,1,1,261,186.964
16,128,1,1,1,1,308,186.921
16,128,1,1,1,1,355,149.5712
16,128,1,1,1,1,448,130.8748
16,128,1,1,1,1,492,130.8447
128,16,1,1,1,1,30,1348.058
128,16,1,1,1,1,85,544.1792
128,16,1,1,1,1,131,327.82860000000005
128,16,1,1,1,1,180,255.03799999999998
128,16,1,1,1,1,235,255.03799999999998
128,16,1,1,1,1,273,182.127
128,16,1,1,1,1,327,182.127
128,16,1,1,1,1,387,145.7016
128,16,1,1,1,1,430,127.51899999999999
128,16,1,1,1,1,457,127.51899999999999
128,128,28,28,1,1,10,1864072366.86
128,128,28,28,1,1,53,358477763.34
128,128,28,28,1,1,143,133160681.91
128,128,28,28,1,1,162,116511488.66999999
128,128,28,28,1,1,235,81129438.11
128,128,28,28,1,1,299,65925357.47
128,128,28,28,1,1,339,56348917.31999999
128,128,28,28,1,1,387,48168762.45
128,128,28,28,1,1,444,44825080.769999996
128,128,28,28,1,1,464,40971418.379999995
128,128,28,28,3,3,38,6833757.359999999
128,128,28,28,3,3,76,3420266.76
128,128,28,28,3,3,130,1953763.3499999999
128,128,28,28,3,3,160,1609338.0
128,128,28,28,3,3,204,1355386.17
128,128,28,28,3,3,271,979143.5599999999
128,128,28,28,3,3,324,798924.33
128,128,28,28,3,3,361,740511.12
128,128,28,28,3,3,417,625908.87
128,128,28,28,3,3,496,571664.38
32,128,1,1,1,1,11,14010.6034
32,128,1,1,1,1,86,1814.845
32,128,1,1,1,1,131,1234.0946000000001
32,128,1,1,1,1,167,1016.1956000000001
32,128,1,1,1,1,233,834.8287
32,128,1,1,1,1,297,653.2686000000001
32,128,1,1,1,1,314,617.0473000000001
32,128,1,1,1,1,379,544.3905000000001
32,128,1,1,1,1,413,471.85970000000003
32,128,1,1,1,1,494,399.2659
128,32,1,1,1,1,23,6961.884000000001
128,32,1,1,1,1,63,2942.652
128,32,1,1,1,1,144,1202.3187
128,32,1,1,1,1,176,1004.8080000000001
128,32,1,1,1,1,219,897.1500000000001
128,32,1,1,1,1,289,610.062
128,32,1,1,1,1,331,644.7167999999999
128,32,1,1,1,1,367,502.40400000000005
128,32,1,1,1,1,445,430.63200000000006
128,32,1,1,1,1,472,466.51800000000003
320,128,28,28,1,1,17,4354041016.4
320,128,28,28,1,1,94,802063913.04
320,128,28,28,1,1,109,687484006.48
320,128,28,28,1,1,190,392875080.2
320,128,28,28,1,1,241,311014021.32
320,128,28,28,1,1,293,257848177.4
320,128,28,28,1,1,316,245532938.32
320,128,28,28,1,1,378,196438681.88
320,128,28,28,1,1,414,187073802.32
320,128,28,28,1,1,498,155505868.88
320,320,28,28,3,3,22,387468801.54
320,320,28,28,3,3,99,87418169.25
320,320,28,28,3,3,115,72342098.82000001
320,320,28,28,3,3,183,46512041.22
320,320,28,28,3,3,205,41372936.010000005
320,320,28,28,3,3,293,29543374.48
320,320,28,28,3,3,312,29075650.060000002
320,320,28,28,3,3,397,22125219.619999997
320,320,28,28,3,3,444,19459074.91
320,320,28,28,3,3,470,18215571.87
32,320,1,1,1,1,19,49433.1474
32,320,1,1,1,1,96,9868.5221
32,320,1,1,1,1,138,7333.4889
32,320,1,1,1,1,174,5975.1516
32,320,1,1,1,1,238,4436.3081
32,320,1,1,1,1,280,3712.0129
32,320,1,1,1,1,317,3440.2388
32,320,1,1,1,1,357,2992.2387
32,320,1,1,1,1,446,2444.4963000000002
32,320,1,1,1,1,466,2353.9594
320,32,1,1,1,1,47,20182.7492
320,32,1,1,1,1,52,18396.6652
320,32,1,1,1,1,142,7315.9252
320,32,1,1,1,1,166,5894.0772
320,32,1,1,1,1,215,4643.8184
320,32,1,1,1,1,276,3750.7763999999997
320,32,1,1,1,1,343,3033.4323999999997
320,32,1,1,1,1,371,3031.6848
320,32,1,1,1,1,418,2853.3516
320,32,1,1,1,1,474,2321.9092
320,320,14,14,1,1,38,896705872.78
320,320,14,14,1,1,100,337585484.94
320,320,14,14,1,1,102,338275100.84
320,320,14,14,1,1,199,172239139.98
320,320,14,14,1,1,213,164838383.98
320,320,14,14,1,1,282,120568407.18
320,320,14,14,1,1,318,113038137.95
320,320,14,14,1,1,375,92332841.05
320,320,14,14,1,1,410,84398894.22
320,320,14,14,1,1,497,71217138.59
320,320,14,14,3,3,16,470227590.78000003
320,320,14,14,3,3,67,117569142.78
320,320,14,14,3,3,129,58800898.17
320,320,14,14,3,3,195,40188368.97
320,320,14,14,3,3,207,37290891.55
320,320,14,14,3,3,254,30804808.77
320,320,14,14,3,3,332,23517265.26
320,320,14,14,3,3,394,20588606.939999998
320,320,14,14,3,3,432,17749420.259999998
320,320,14,14,3,3,459,16914544.080000002
80,320,1,1,1,1,27,213788.146
80,320,1,1,1,1,53,111783.19900000001
80,320,1,1,1,1,106,57336.114
80,320,1,1,1,1,165,36001.098000000005
80,320,1,1,1,1,215,28001.358
80,320,1,1,1,1,293,20445.436
80,320,1,1,1,1,306,20223.203
80,320,1,1,1,1,360,18000.873
80,320,1,1,1,1,403,14667.378
80,320,1,1,1,1,483,12686.832
320,80,1,1,1,1,17,336675.532
320,80,1,1,1,1,68,88248.94
320,80,1,1,1,1,109,53531.852
320,80,1,1,1,1,166,35835.371999999996
320,80,1,1,1,1,238,25438.69
320,80,1,1,1,1,269,22563.012
320,80,1,1,1,1,317,20350.951999999997
320,80,1,1,1,1,374,17254.068
320,80,1,1,1,1,419,14820.802
320,80,1,1,1,1,453,13935.978
768,320,14,14,1,1,31,5151012010.16
768,320,14,14,1,1,92,1730747683.08
768,320,14,14,1,1,130,1236247875.76
768,320,14,14,1,1,156,1030207658.16
768,320,14,14,1,1,205,782959397.04
768,320,14,14,1,1,286,563509482.88
768,320,14,14,1,1,336,470955638.96
768,320,14,14,1,1,381,422520419.44
768,320,14,14,1,1,423,382501574.88
768,320,14,14,1,1,468,347784849.44
768,768,14,14,3,3,32,7647645122.999999
768,768,14,14,3,3,95,2624290244.2000003
768,768,14,14,3,3,147,1699548406.1999998
768,768,14,14,3,3,159,1593332393.3999999
768,768,14,14,3,3,227,1097934271.2
768,768,14,14,3,3,255,994899206.6999999
768,768,14,14,3,3,306,822851394.3
768,768,14,14,3,3,373,679911980.0
768,768,14,14,3,3,420,600447789.8000001
768,768,14,14,3,3,498,504618262.2
80,768,1,1,1,1,24,1365238.56
80,768,1,1,1,1,81,409840.47000000003
80,768,1,1,1,1,148,230204.16
80,768,1,1,1,1,196,171587.36
80,768,1,1,1,1,202,170350.523
80,768,1,1,1,1,261,129489.84
80,768,1,1,1,1,340,102548.941
80,768,1,1,1,1,397,86326.56
80,768,1,1,1,1,426,85891.245
80,768,1,1,1,1,491,69274.4
768,80,1,1,1,1,40,815040.0299999999
768,80,1,1,1,1,68,488600.06999999995
768,80,1,1,1,1,145,231952.00499999998
768,80,1,1,1,1,158,213033.86999999997
768,80,1,1,1,1,242,136723.22999999998
768,80,1,1,1,1,271,124004.79
768,80,1,1,1,1,338,102807.38999999998
768,80,1,1,1,1,396,85849.46999999999
768,80,1,1,1,1,411,85827.276
768,80,1,1,1,1,476,74720.83499999999
768,768,7,7,1,1,14,11421174257.279999
768,768,7,7,1,1,61,2671922280.9599996
768,768,7,7,1,1,146,1110435125.76
768,768,7,7,1,1,161,1002385791.3599999
768,768,7,7,1,1,238,684091152.0
768,768,7,7,1,1,262,624605927.04
768,768,7,7,1,1,304,533552371.1999999
768,768,7,7,1,1,390,416407639.67999995
768,768,7,7,1,1,447,364623626.88
768,768,7,7,1,1,493,327235127.03999996
768,768,7,7,3,3,43,5675638115.0
768,768,7,7,3,3,51,4834861972.5
768,768,7,7,3,3,120,2026774360.2
768,768,7,7,3,3,185,1328746540.0
768,768,7,7,3,3,250,995887845.0
768,768,7,7,3,3,253,975901642.1999999
768,768,7,7,3,3,336,730883585.0
768,768,7,7,3,3,387,630707555.0
768,768,7,7,3,3,443,553108015.2
768,768,7,7,3,3,496,493855055.0
192,768,1,1,1,1,33,5690840.22
192,768,1,1,1,1,62,3049843.42
192,768,1,1,1,1,106,1833461.24
192,768,1,1,1,1,173,1103531.7999999998
192,768,1,1,1,1,214,916730.62
192,768,1,1,1,1,276,693261.66
192,768,1,1,1,1,319,612000.22
192,768,1,1,1,1,375,529469.0700000001
192,768,1,1,1,1,445,429161.98000000004
192,768,1,1,1,1,465,422230.22
768,192,1,1,1,1,45,4219909.2
768,192,1,1,1,1,94,2070670.16
768,192,1,1,1,1,107,1792717.83
768,192,1,1,1,1,180,1060892.55
768,192,1,1,1,1,211,921283.48
768,192,1,1,1,1,259,732464.72
768,192,1,1,1,1,316,612076.92
768,192,1,1,1,1,366,529706.32
768,192,1,1,1,1,403,486501.56999999995
768,192,1,1,1,1,477,410381.19
1000,768,1,1,1,1,48,105379570.8
1000,768,1,1,1,1,53,96107327.6
1000,768,1,1,1,1,113,45531455.599999994
1000,768,1,1,1,1,168,30358694.0
1000,768,1,1,1,1,223,23136366.48
1000,768,1,1,1,1,294,17550091.0
1000,768,1,1,1,1,339,15185932.399999999
1000,768,1,1,1,1,391,13183970.799999999
1000,768,1,1,1,1,447,11668556.2
1000,768,1,1,1,1,482,10556396.2
96,3,224,224,4,4,48,67370.1
96,3,224,224,4,4,66,56370.9
96,3,224,224,4,4,131,34326.299999999996
96,3,224,224,4,4,170,24060.75
96,3,224,224,4,4,240,23372.008
96,3,224,224,4,4,283,24060.75
96,3,224,224,4,4,304,12373.416000000001
96,3,224,224,4,4,385,12373.416000000001
96,3,224,224,4,4,426,12373.416000000001
96,3,224,224,4,4,498,12373.416000000001
384,96,1,1,1,1,42,280513.926
384,96,1,1,1,1,88,134214.146
384,96,1,1,1,1,110,109252.54000000001
384,96,1,1,1,1,187,66789.03
384,96,1,1,1,1,217,57883.826
384,96,1,1,1,1,284,46419.386
384,96,1,1,1,1,348,36256.902
384,96,1,1,1,1,397,31167.822
384,96,1,1,1,1,447,29730.891
384,96,1,1,1,1,451,29259.956000000002
96,384,1,1,1,1,44,268830.392
96,384,1,1,1,1,85,143354.924
96,384,1,1,1,1,139,91308.984
96,384,1,1,1,1,151,82373.208
96,384,1,1,1,1,203,61939.544
96,384,1,1,1,1,274,46295.020000000004
96,384,1,1,1,1,333,38609.04
96,384,1,1,1,1,353,35850.976
96,384,1,1,1,1,408,31289.048000000003
96,384,1,1,1,1,493,28415.564000000002
192,96,56,56,2,2,13,11066439.58
192,96,56,56,2,2,88,1663230.94
192,96,56,56,2,2,136,1110101.02
192,96,56,56,2,2,197,741343.88
192,96,56,56,2,2,247,638161.38
192,96,56,56,2,2,280,556971.1
192,96,56,56,2,2,334,482893.88
192,96,56,56,2,2,366,422890.6
192,96,56,56,2,2,419,374674.95
192,96,56,56,2,2,473,318817.94
384,192,28,28,2,2,32,29226314.26
384,192,28,28,2,2,83,12181329.940000001
384,192,28,28,2,2,105,8958085.5
384,192,28,28,2,2,159,6109688.390000001
384,192,28,28,2,2,215,4743172.720000001
384,192,28,28,2,2,288,3253004.8200000003
384,192,28,28,2,2,335,2937337.5
384,192,28,28,2,2,387,2441338.9
384,192,28,28,2,2,449,2155987.6
384,192,28,28,2,2,487,2064041.07
1536,384,1,1,1,1,12,248675492.94
1536,384,1,1,1,1,69,43458468.72
1536,384,1,1,1,1,127,23970063.18
1536,384,1,1,1,1,196,15551704.139999999
1536,384,1,1,1,1,242,12698366.1
1536,384,1,1,1,1,298,10165362.83
1536,384,1,1,1,1,340,9076043.34
1536,384,1,1,1,1,391,7780906.9799999995
1536,384,1,1,1,1,416,7310413.949999999
1536,384,1,1,1,1,482,6485779.02
384,1536,1,1,1,1,14,213915177.68
384,1536,1,1,1,1,81,36957363.92
384,1536,1,1,1,1,134,22709443.44
384,1536,1,1,1,1,179,17025302.48
384,1536,1,1,1,1,249,12325873.36
384,1536,1,1,1,1,253,12143567.92
384,1536,1,1,1,1,322,9560907.52
384,1536,1,1,1,1,361,8755725.16
384,1536,1,1,1,1,424,7302345.68
384,1536,1,1,1,1,472,6556769.53
768,384,14,14,2,2,34,368276387.0
768,384,14,14,2,2,90,138838168.0
768,384,14,14,2,2,129,96087510.2
768,384,14,14,2,2,198,63127138.4
768,384,14,14,2,2,214,59363253.599999994
768,384,14,14,2,2,284,44124540.199999996
768,384,14,14,2,2,346,36422209.6
768,384,14,14,2,2,392,32033505.0
768,384,14,14,2,2,403,31616605.799999997
768,384,14,14,2,2,487,26850040.000000004
3072,768,1,1,1,1,15,3182957681.4
3072,768,1,1,1,1,100,478139660.0
3072,768,1,1,1,1,141,341621796.6
3072,768,1,1,1,1,181,263989668.60000002
3072,768,1,1,1,1,215,225193821.3
3072,768,1,1,1,1,293,165655639.8
3072,768,1,1,1,1,340,143659870.20000002
3072,768,1,1,1,1,386,120857461.49999999
3072,768,1,1,1,1,428,112627235.7
3072,768,1,1,1,1,479,101048350.5
768,3072,1,1,1,1,35,1367034987.6
768,3072,1,1,1,1,56,852490510.1999999
768,3072,1,1,1,1,129,372857144.4
768,3072,1,1,1,1,173,279652971.59999996
768,3072,1,1,1,1,249,194348649.3
768,3072,1,1,1,1,285,170775096.79999998
768,3072,1,1,1,1,301,160969314.3
768,3072,1,1,1,1,352,136003658.39999998
768,3072,1,1,1,1,448,107787551.39999999
768,3072,1,1,1,1,474,101011640.39999999
64,3,224,224,1,1,37,3686444660.92
64,3,224,224,1,1,74,1755353439.28
64,3,224,224,1,1,144,877684882.48
64,3,224,224,1,1,178,831953788.1999999
64,3,224,224,1,1,237,646627332.9
64,3,224,224,1,1,265,526666436.8
64,3,224,224,1,1,303,485042004.0
64,3,224,224,1,1,362,351091911.24
64,3,224,224,1,1,434,346656182.4
64,3,224,224,1,1,473,318748794.90000004
64,3,224,224,3,3,10,126096.863
64,3,224,224,3,3,69,19145.104000000003
64,3,224,224,3,3,149,13203.52
64,3,224,224,3,3,171,19137.68
64,3,224,224,3,3,222,7261.936000000001
64,3,224,224,3,3,270,7261.936000000001
64,3,224,224,3,3,309,7261.936000000001
64,3,224,224,3,3,367,7261.936000000001
64,3,224,224,3,3,409,7261.936000000001
64,3,224,224,3,3,480,7261.936000000001
128,64,112,112,1,1,42,34066112122.5
128,64,112,112,1,1,87,16696695036.0
128,64,112,112,1,1,132,11048060188.800001
128,64,112,112,1,1,188,7922328523.799999
128,64,112,112,1,1,216,6931992558.599999
128,64,112,112,1,1,270,5432452266.0
128,64,112,112,1,1,342,4295926200.0
128,64,112,112,1,1,376,3961205707.7999997
128,64,112,112,1,1,407,3621639449.1
128,64,112,112,1,1,473,3157415717.5
128,64,112,112,3,3,27,11728702.48
128,64,112,112,3,3,68,4696364.56
128,64,112,112,3,3,104,2981317.71
128,64,112,112,3,3,175,1961566.48
128,64,112,112,3,3,223,1489488.24
128,64,112,112,3,3,281,1180195.5999999999
128,64,112,112,3,3,328,1180195.5999999999
128,64,112,112,3,3,370,896284.4
128,64,112,112,3,3,409,854624.4
128,64,112,112,3,3,481,737001.23
128,128,56,56,1,1,45,6376015402.2
128,128,56,56,1,1,59,4830554938.160001
128,128,56,56,1,1,143,2082029586.3
128,128,56,56,1,1,166,1748064548.8500001
128,128,56,56,1,1,212,1328381988.3
128,128,56,56,1,1,272,908783186.75
128,128,56,56,1,1,349,797011191.0
128,128,56,56,1,1,355,797016485.6999999
128,128,56,56,1,1,436,683180435.6999999
128,128,56,56,1,1,470,604081937.2
256,128,56,56,1,1,34,19098232069.77
256,128,56,56,1,1,59,12920916347.800001
256,128,56,56,1,1,146,5397794992.08
256,128,56,56,1,1,155,4922341387.1
256,128,56,56,1,1,223,3481431967.44
256,128,56,56,1,1,252,2973879865.7000003
256,128,56,56,1,1,302,2461145657.7000003
256,128,56,56,1,1,377,2050979750.6000001
256,128,56,56,1,1,428,1794648412.1000001
256,128,56,56,1,1,492,1615177133.1000001
256,128,56,56,3,3,46,29364795.099999998
256,128,56,56,3,3,61,22097921.45
256,128,56,56,3,3,103,13566664.14
256,128,56,56,3,3,151,8634877.74
256,128,56,56,3,3,234,5818595.499999999
256,128,56,56,3,3,269,4901199.5600000005
256,128,56,56,3,3,325,4034792.4999999995
256,128,56,56,3,3,367,3699267.65
256,128,56,56,3,3,434,3083430.9
256,128,56,56,3,3,466,2835777.18
256,256,28,28,1,1,35,4678970699.25
256,256,28,28,1,1,64,2519443588.5
256,256,28,28,1,1,145,1151627911.25
256,256,28,28,1,1,175,857627728.65
256,256,28,28,1,1,227,719845508.5
256,256,28,28,1,1,253,652360580.5
256,256,28,28,1,1,327,511776395.25
256,256,28,28,1,1,355,472407049.0
256,256,28,28,1,1,421,393696600.75
256,256,28,28,1,1,469,354327254.5
256,256,28,28,3,3,19,190731876.6
256,256,28,28,3,3,62,61314699.0
256,256,28,28,3,3,149,24064876.85
256,256,28,28,3,3,199,18845931.650000002
256,256,28,28,3,3,225,15976115.4
256,256,28,28,3,3,288,12523098.6
256,256,28,28,3,3,307,11967304.799999999
256,256,28,28,3,3,388,9413018.4
256,256,28,28,3,3,408,9202845.05
256,256,28,28,3,3,479,7721986.2
512,256,28,28,1,1,43,10978558057.5
512,256,28,28,1,1,73,6518522550.3
512,256,28,28,1,1,118,4116964969.5000005
512,256,28,28,1,1,178,2744646351.9
512,256,28,28,1,1,236,2058487043.1000001
512,256,28,28,1,1,281,1699124962.5000002
512,256,28,28,1,1,328,1486701294.15
512,256,28,28,1,1,388,1223005305.0
512,256,28,28,1,1,419,1143621639.75
512,256,28,28,1,1,498,972141071.1
512,256,28,28,3,3,12,1080158617.3999999
512,256,28,28,3,3,100,133021452.60000001
512,256,28,28,3,3,136,98258048.0
512,256,28,28,3,3,187,73214892.10000001
512,256,28,28,3,3,216,62135055.8
512,256,28,28,3,3,297,44303852.0
512,256,28,28,3,3,304,43937422.2
512,256,28,28,3,3,363,37921465.4
512,256,28,28,3,3,424,31713651.0
512,256,28,28,3,3,471,28446582.2
512,512,14,14,1,1,23,8153863966.559999
512,512,14,14,1,1,69,2747502325.6
512,512,14,14,1,1,107,1772584652.6399999
512,512,14,14,1,1,186,1012933272.88
512,512,14,14,1,1,226,810328248.16
512,512,14,14,1,1,279,671011902.24
512,512,14,14,1,1,302,607751485.1999999
512,512,14,14,1,1,381,481198856.64
512,512,14,14,1,1,449,405171189.52
512,512,14,14,1,1,487,387811403.44
512,512,14,14,3,3,28,1759159325.0
512,512,14,14,3,3,74,665653507.4
512,512,14,14,3,3,117,424633203.4
512,512,14,14,3,3,157,321497974.0
512,512,14,14,3,3,211,237945644.29999998
512,512,14,14,3,3,293,172965084.6
512,512,14,14,3,3,309,158912445.29999998
512,512,14,14,3,3,397,130930978.5
512,512,14,14,3,3,437,114651218.39999999
512,512,14,14,3,3,480,105013041.7
2048,512,14,14,1,1,29,82320043177.8
2048,512,14,14,1,1,87,27494432319.600002
2048,512,14,14,1,1,113,21201155037.0
2048,512,14,14,1,1,182,13085096720.2
2048,512,14,14,1,1,249,9855248331.5
2048,512,14,14,1,1,287,8379332478.700001
2048,512,14,14,1,1,337,7122763620.400001
2048,512,14,14,1,1,377,6625376835.400001
2048,512,14,14,1,1,450,5292680647.8
2048,512,14,14,1,1,497,4803728063.8
2048,512,14,14,3,3,50,15354303822.000002
2048,512,14,14,3,3,94,8237226082.8
2048,512,14,14,3,3,103,7488402121.200001
2048,512,14,14,3,3,168,4661925147.6
2048,512,14,14,3,3,202,3876126378.0
2048,512,14,14,3,3,271,2915619478.6
2048,512,14,14,3,3,301,2584423663.1
2048,512,14,14,3,3,374,2060396797.2
2048,512,14,14,3,3,405,1919023906.8000002
2048,512,14,14,3,3,492,1576381692.6000001
1000,2048,1,1,1,1,24,1500893557.8000002
1000,2048,1,1,1,1,56,643173248.4
1000,2048,1,1,1,1,139,263343607.8
1000,2048,1,1,1,1,199,186791049.9
1000,2048,1,1,1,1,225,160811277.9
1000,2048,1,1,1,1,278,131689357.80000001
1000,2048,1,1,1,1,343,105358507.80000001
1000,2048,1,1,1,1,395,91332941.7
1000,2048,1,1,1,1,443,82853168.0
1000,2048,1,1,1,1,494,74446089.9
64,3,224,224,7,7,25,289473.77
64,3,224,224,7,7,56,146206.295
64,3,224,224,7,7,131,73455.1
64,3,224,224,7,7,153,73455.1
64,3,224,224,7,7,238,37462.101
64,3,224,224,7,7,274,37462.101
64,3,224,224,7,7,325,37469.955
64,3,224,224,7,7,378,37462.101
64,3,224,224,7,7,440,37462.101
64,3,224,224,7,7,452,37462.101
64,64,56,56,3,3,16,2711279.5
64,64,56,56,3,3,85,566711.5
64,64,56,56,3,3,104,430324.5
64,64,56,56,3,3,181,258665.0
64,64,56,56,3,3,241,215361.71999999997
64,64,56,56,3,3,278,171659.5
64,64,56,56,3,3,305,165780.75
64,64,56,56,3,3,392,118750.75
64,64,56,56,3,3,415,130508.25
64,64,56,56,3,3,492,118750.75
256,64,56,56,1,1,31,9564017808.6
256,64,56,56,1,1,96,2856151789.2
256,64,56,56,1,1,127,2229685375.08
256,64,56,56,1,1,194,1428420050.1
256,64,56,56,1,1,239,1165229263.47
256,64,56,56,1,1,267,1041017440.5
256,64,56,56,1,1,318,910884303.9
256,64,56,56,1,1,360,797021780.4
256,64,56,56,1,1,422,664198936.1999999
256,64,56,56,1,1,488,597803398.1999999
64,256,56,56,1,1,14,28890088094.56
64,256,56,56,1,1,90,4739793238.88
64,256,56,56,1,1,147,2934163716.96
64,256,56,56,1,1,173,2426338285.84
64,256,56,56,1,1,205,2031781911.6
64,256,56,56,1,1,286,1472926101.0
64,256,56,56,1,1,318,1354277244.88
64,256,56,56,1,1,381,1128565682.72
64,256,56,56,1,1,415,1015705965.6800001
64,256,56,56,1,1,452,902830504.8
128,256,56,56,1,1,25,38280667982.5
128,256,56,56,1,1,74,12463485262.5
128,256,56,56,1,1,104,8902494542.5
128,256,56,56,1,1,167,5786636533.75
128,256,56,56,1,1,241,4022309639.7000003
128,256,56,56,1,1,255,3971203482.3999996
128,256,56,56,1,1,306,3047736700.86
128,256,56,56,1,1,353,2670769653.75
128,256,56,56,1,1,404,2317528903.79
128,256,56,56,1,1,456,2022613706.7499998
512,256,56,56,1,1,40,153671214937.6
512,256,56,56,1,1,70,84822928441.3
512,256,56,56,1,1,120,52218393638.4
512,256,56,56,1,1,155,40922176140.8
512,256,56,56,1,1,228,26855232915.2
512,256,56,56,1,1,277,23125409248.0
512,256,56,56,1,1,303,20887464499.2
512,256,56,56,1,1,375,17050968672.0
512,256,56,56,1,1,438,14680858802.1
512,256,56,56,1,1,487,13214918860.800001
256,512,28,28,1,1,35,15998838509.82
256,512,28,28,1,1,85,6679126283.16
256,512,28,28,1,1,125,4621097181.940001
256,512,28,28,1,1,167,3533728891.8
256,512,28,28,1,1,238,2407604378.98
256,512,28,28,1,1,269,2173261838.7
256,512,28,28,1,1,337,1708627180.9
256,512,28,28,1,1,379,1553309749.5
256,512,28,28,1,1,408,1420160400.74
256,512,28,28,1,1,488,1214791425.96
1024,512,28,28,1,1,24,194953531995.19998
1024,512,28,28,1,1,85,55701036732.0
1024,512,28,28,1,1,143,33390368228.8
1024,512,28,28,1,1,200,23825358524.0
1024,512,28,28,1,1,249,19381399831.199997
1024,512,28,28,1,1,273,17458027752.0
1024,512,28,28,1,1,308,15309666389.599998
1024,512,28,28,1,1,381,12378443660.0
1024,512,28,28,1,1,418,11400812737.599998
1024,512,28,28,1,1,488,9772287500.8
256,256,14,14,3,3,43,72840898.39999999
256,256,14,14,3,3,98,32853742.4
256,256,14,14,3,3,137,23682173.75
256,256,14,14,3,3,179,18228664.0
256,256,14,14,3,3,214,15243606.979999999
256,256,14,14,3,3,279,11884610.870000001
256,256,14,14,3,3,327,9909860.399999999
256,256,14,14,3,3,370,9066916.399999999
256,256,14,14,3,3,413,8387292.8
256,256,14,14,3,3,458,7260618.06
512,1024,14,14,1,1,20,34128712407.8
512,1024,14,14,1,1,69,9988900823.8
512,1024,14,14,1,1,133,5137162077.3
512,1024,14,14,1,1,157,4471229604.599999
512,1024,14,14,1,1,219,3163160996.6
512,1024,14,14,1,1,297,2330760336.5
512,1024,14,14,1,1,311,2283340195.1
512,1024,14,14,1,1,399,1712400630.8999999
512,1024,14,14,1,1,429,1644117219.8999999
512,1024,14,14,1,1,470,1473700672.0
2048,512,7,7,1,1,11,45135297638.92
2048,512,7,7,1,1,87,5724157505.94
2048,512,7,7,1,1,135,3676286789.54
2048,512,7,7,1,1,198,2534545470.04
2048,512,7,7,1,1,224,2206786099.72
2048,512,7,7,1,1,267,1862488677.34
2048,512,7,7,1,1,344,1448209992.2
2048,512,7,7,1,1,361,1388301644.22
2048,512,7,7,1,1,431,1172681619.34
2048,512,7,7,1,1,453,1103546981.7
2048,1024,14,14,1,1,27,326260290535.2
2048,1024,14,14,1,1,58,152397921664.80002
2048,1024,14,14,1,1,102,88004451712.8
2048,1024,14,14,1,1,180,49368369741.6
2048,1024,14,14,1,1,250,35240546471.200005
2048,1024,14,14,1,1,287,30663664066.0
2048,1024,14,14,1,1,312,28824770374.4
2048,1024,14,14,1,1,351,25145015184.8
2048,1024,14,14,1,1,446,20238674932.0
2048,1024,14,14,1,1,498,17785504805.600002
512,2048,7,7,1,1,50,10227366369.0
512,2048,7,7,1,1,80,6392111437.8
512,2048,7,7,1,1,138,3741732013.7999997
512,2048,7,7,1,1,165,3167549424.6
512,2048,7,7,1,1,211,2494494637.7999997
512,2048,7,7,1,1,266,1924328980.2
512,2048,7,7,1,1,345,1496704737.0
512,2048,7,7,1,1,391,1340800065.0
512,2048,7,7,1,1,430,1198646423.7
512,2048,7,7,1,1,481,1077840188.7
512,512,7,7,3,3,31,1591287627.8
512,512,7,7,3,3,66,739924980.5999999
512,512,7,7,3,3,134,369945211.0
512,512,7,7,3,3,198,249790190.7
512,512,7,7,3,3,220,223195427.70000002
512,512,7,7,3,3,297,164109534.89999998
512,512,7,7,3,3,310,157922380.20000002
512,512,7,7,3,3,352,138716611.0
512,512,7,7,3,3,428,117105021.49999999
512,512,7,7,3,3,459,105870860.2
